{"train/loss": 0.0, "train/grad_norm": NaN, "train/learning_rate": 3.8556843068507804e-10, "train/epoch": 0.0, "train/global_step": 3, "_timestamp": 1711625411.2394397, "_runtime": 1647.4108288288116, "_step": 2, "_wandb": {"runtime": 1649}}