{"train/loss": 0.0, "train/grad_norm": NaN, "train/learning_rate": 2.777777777777778e-05, "train/epoch": 0.22, "train/global_step": 50, "_timestamp": 1711788574.626694, "_runtime": 3830.1752948760986, "_step": 49, "_wandb": {"runtime": 3829}}