{"train/loss": 0.0, "train/grad_norm": NaN, "train/learning_rate": 1.2852281022835933e-10, "train/epoch": 0.0, "train/global_step": 1, "_timestamp": 1711623498.776454, "_runtime": 1702.2121710777283, "_step": 0}