{"train/loss": 0.0, "train/grad_norm": NaN, "train/learning_rate": 1.2777777777777777e-05, "train/epoch": 0.1, "train/global_step": 23, "_timestamp": 1711798550.8370342, "_runtime": 2229.4202733039856, "_step": 22}